symbol,name,sector,aliases
RELIANCE,Reliance Industries Ltd,Energy,RIL
TCS,Tata Consultancy Services Ltd,Information Technology,TCS|Tata Consultancy
HDFCBANK,HDFC Bank Ltd,Financial Services,HDFC Bank
INFY,Infosys Ltd,Information Technology,Infosys
ICICIBANK,ICICI Bank Ltd,Financial Services,ICICI Bank
HINDUNILVR,Hindustan Unilever Ltd,FMCG,HUL|Hindustan Unilever
ITC,ITC Ltd,FMCG,
SBIN,State Bank of India,Financial Services,SBI
BHARTIARTL,Bharti Airtel Ltd,Telecommunication,Airtel|Bharti Airtel
KOTAKBANK,Kotak Mahindra Bank Ltd,Financial Services,Kotak Mahindra Bank|Kotak Bank
LT,Larsen & Toubro Ltd,Construction,L&T|Larsen and Toubro
AXISBANK,Axis Bank Ltd,Financial Services,Axis Bank
ASIANPAINT,Asian Paints Ltd,Consumer Durables,Asian Paints
MARUTI,Maruti Suzuki India Ltd,Automobile,Maruti Suzuki|Maruti
SUNPHARMA,Sun Pharmaceutical Industries Ltd,Healthcare,Sun Pharma
TITAN,Titan Company Ltd,Consumer Durables,Titan
BAJFINANCE,Bajaj Finance Ltd,Financial Services,
BAJAJFINSV,Bajaj Finserv Ltd,Financial Services,
ULTRACEMCO,UltraTech Cement Ltd,Construction Materials,UltraTech Cement|UltraTech
NESTLEIND,Nestle India Ltd,FMCG,
WIPRO,Wipro Ltd,Information Technology,
ONGC,Oil and Natural Gas Corporation Ltd,Energy,ONGC|Oil and Natural Gas Corporation
NTPC,NTPC Ltd,Power,
POWERGRID,Power Grid Corporation of India Ltd,Power,Power Grid
TATASTEEL,Tata Steel Ltd,Metals & Mining,
HCLTECH,HCL Technologies Ltd,Information Technology,HCL Tech|HCLTech
COALINDIA,Coal India Ltd,Metals & Mining,
JSWSTEEL,JSW Steel Ltd,Metals & Mining,
TECHM,Tech Mahindra Ltd,Information Technology,
DRREDDY,Dr Reddy's Laboratories Ltd,Healthcare,Dr Reddy's|Dr Reddys
CIPLA,Cipla Ltd,Healthcare,
GRASIM,Grasim Industries Ltd,Construction Materials,Grasim
HINDALCO,Hindalco Industries Ltd,Metals & Mining,Hindalco
BRITANNIA,Britannia Industries Ltd,FMCG,Britannia
EICHERMOT,Eicher Motors Ltd,Automobile,Royal Enfield
HEROMOTOCO,Hero MotoCorp Ltd,Automobile,
APOLLOHOSP,Apollo Hospitals Enterprise Ltd,Healthcare,Apollo Hospitals
INDUSINDBK,IndusInd Bank Ltd,Financial Services,IndusInd Bank
TATACONSUM,Tata Consumer Products Ltd,FMCG,Tata Consumer
ADANIENT,Adani Enterprises Ltd,,Adani Enterprises
ADANIPORTS,Adani Ports and Special Economic Zone Ltd,Services,Adani Ports
BPCL,Bharat Petroleum Corporation Ltd,Energy,BPCL|Bharat Petroleum
